"ORIGPROT","COLPROT","PTID","RID","VISCODE","VISCODE2","VISDATE","PTSOURCE","PTGENDER","PTDOB","PTDOBYY","PTHAND","PTMARRY","PTEDUCAT","PTWORKHS","PTWORK","PTNOTRT","PTRTYR","PTHOME","PTTLANG","PTPLANG","PTADBEG","PTCOGBEG","PTADDX","PTETHCAT","PTRACCAT","PTIDENT","PTORIENT","PTORIENTOT","PTENGSPK","PTNLANG","PTENGSPKAGE","PTCLANG","PTLANGSP","PTLANGWR","PTSPTIM","PTSPOTTIM","PTLANGPR1","PTLANGSP1","PTLANGRD1","PTLANGWR1","PTLANGUN1","PTLANGPR2","PTLANGSP2","PTLANGRD2","PTLANGWR2","PTLANGUN2","PTLANGPR3","PTLANGSP3","PTLANGRD3","PTLANGWR3","PTLANGUN3","PTLANGPR4","PTLANGSP4","PTLANGRD4","PTLANGWR4","PTLANGUN4","PTLANGPR5","PTLANGSP5","PTLANGRD5","PTLANGWR5","PTLANGUN5","PTLANGPR6","PTLANGSP6","PTLANGRD6","PTLANGWR6","PTLANGUN6","PTLANGTTL","PTETHCATH","PTASIAN","PTOPI","PTBORN","PTBIRPL","PTIMMAGE","PTIMMWHY","PTBIRPR","PTBIRGR","ID","SITEID","USERDATE","USERDATE2","DD_CRF_VERSION_LABEL","LANGUAGE_CODE","HAS_QC_ERROR","update_stamp","ORIGPROT.apoe","COLPROT.apoe","PTID.apoe","VISCODE.apoe","GENOTYPE","APTESTDT","APVOLUME","APRECEIVE","APAMBTEMP","APRESAMP","APUSABLE","ID.apoe","SITEID.apoe","USERDATE.apoe","USERDATE2.apoe","update_stamp.apoe","ORIGPROT.adas","COLPROT.adas","PTID.adas","VISCODE.adas","VISCODE2.adas","VISDATE.adas","TOTSCORE","TOTAL13","ID.adas","SITEID.adas","USERDATE.adas","USERDATE2.adas","DD_CRF_VERSION_LABEL.adas","LANGUAGE_CODE.adas","HAS_QC_ERROR.adas","update_stamp.adas","ORIGPROT.mmse","COLPROT.mmse","PTID.mmse","VISCODE.mmse","VISCODE2.mmse","VISDATE.mmse","DONE","NDREASON","SOURCE","MMDATE","MMYEAR","MMMONTH","MMDAY","MMSEASON","MMHOSPIT","MMFLOOR","MMCITY","MMAREA","MMSTATE","WORDLIST","WORD1","WORD2","WORD3","MMTRIALS","MMD","MML","MMR","MMO","MMW","MMLTR1","MMLTR2","MMLTR3","MMLTR4","MMLTR5","MMLTR6","MMLTR7","WORLDSCORE","WORD1DL","WORD2DL","WORD3DL","MMWATCH","MMPENCIL","MMREPEAT","MMHAND","MMFOLD","MMONFLR","MMREAD","MMWRITE","MMDRAW","MMSCORE","ID.mmse","SITEID.mmse","USERDATE.mmse","USERDATE2.mmse","DD_CRF_VERSION_LABEL.mmse","LANGUAGE_CODE.mmse","HAS_QC_ERROR.mmse","update_stamp.mmse","ORIGPROT.neuro","COLPROT.neuro","PTID.neuro","VISCODE.neuro","VISCODE2.neuro","VISDATE.neuro","SOURCE.neuro","CLOCKCIRC","CLOCKSYM","CLOCKNUM","CLOCKHAND","CLOCKTIME","CLOCKSCOR","COPYCIRC","COPYSYM","COPYNUM","COPYHAND","COPYTIME","COPYSCOR","LMSTORY","LIMMTOTAL","LIMMEND","AVTOT1","AVERR1","AVTOT2","AVERR2","AVTOT3","AVERR3","AVTOT4","AVERR4","AVTOT5","AVERR5","AVTOT6","AVERR6","AVTOTB","AVERRB","AVENDED","DSPANFOR","DSPANFLTH","DSPANBAC","DSPANBLTH","CATANIMSC","CATANPERS","CATANINTR","CATVEGESC","CATVGPERS","CATVGINTR","TRAASCOR","TRAAERRCOM","TRAAERROM","TRABSCOR","TRABERRCOM","TRABERROM","DIGITSCOR","LDELBEGIN","LDELTOTAL","LDELCUE","BNTND","BNTSPONT","BNTSTIM","BNTCSTIM","BNTPHON","BNTCPHON","BNTTOTAL","AVDELBEGAN","AVDEL30MIN","AVDELERR1","AVDELTOT","AVDELERR2","ANARTERR","ANARTND","ANART","MINTSEMCUE","MINTTOTAL","MINTUNCUED","ID.neuro","SITEID.neuro","USERDATE.neuro","USERDATE2.neuro","DD_CRF_VERSION_LABEL.neuro","LANGUAGE_CODE.neuro","HAS_QC_ERROR.neuro","update_stamp.neuro","ORIGPROT.cdr","COLPROT.cdr","PTID.cdr","VISCODE.cdr","VISCODE2.cdr","VISDATE.cdr","CDSOURCE","CDVERSION","SPID","CDMEMORY","CDORIENT","CDJUDGE","CDCOMMUN","CDHOME","CDCARE","CDGLOBAL","CDRSB","ID.cdr","SITEID.cdr","USERDATE.cdr","USERDATE2.cdr","DD_CRF_VERSION_LABEL.cdr","LANGUAGE_CODE.cdr","HAS_QC_ERROR.cdr","update_stamp.cdr","ORIGPROT.faq","COLPROT.faq","PTID.faq","VISCODE.faq","VISCODE2.faq","VISDATE.faq","SOURCE.faq","FAQFINAN","FAQFORM","FAQSHOP","FAQGAME","FAQBEVG","FAQMEAL","FAQEVENT","FAQTV","FAQREM","FAQTRAVL","FAQTOTAL","SPID.faq","ID.faq","SITEID.faq","USERDATE.faq","USERDATE2.faq","DD_CRF_VERSION_LABEL.faq","LANGUAGE_CODE.faq","HAS_QC_ERROR.faq","update_stamp.faq","ORIGPROT.mri","COLPROT.mri","PTID.mri","VISCODE.mri","VISCODE2.mri","IMAGEUID","FIELD_STRENGTH","EXAMDATE","RUNDATE","STATUS","FSVER","OVERALLQC","TEMPQC","FRONTQC","PARQC","INSULAQC","OCCQC","BGQC","CWMQC","VENTQC","HIPPOQC","ST101SV","ST102CV","ST102SA","ST102TA","ST102TS","ST103CV","ST103SA","ST103TA","ST103TS","ST104CV","ST104SA","ST104TA","ST104TS","ST105CV","ST105SA","ST105TA","ST105TS","ST106CV","ST106SA","ST106TA","ST106TS","ST107CV","ST107SA","ST107TA","ST107TS","ST108CV","ST108SA","ST108TA","ST108TS","ST109CV","ST109SA","ST109TA","ST109TS","ST10CV","ST110CV","ST110SA","ST110TA","ST110TS","ST111CV","ST111SA","ST111TA","ST111TS","ST112SV","ST113CV","ST113SA","ST113TA","ST113TS","ST114CV","ST114SA","ST114TA","ST114TS","ST115CV","ST115SA","ST115TA","ST115TS","ST116CV","ST116SA","ST116TA","ST116TS","ST117CV","ST117SA","ST117TA","ST117TS","ST118CV","ST118SA","ST118TA","ST118TS","ST119CV","ST119SA","ST119TA","ST119TS","ST11SV","ST120SV","ST121CV","ST121SA","ST121TA","ST121TS","ST124SV","ST125SV","ST127SV","ST128SV","ST129CV","ST129SA","ST129TA","ST129TS","ST12SV","ST130CV","ST130SA","ST130TA","ST130TS","ST13CV","ST13SA","ST13TA","ST13TS","ST14CV","ST14SA","ST14TA","ST14TS","ST15CV","ST15SA","ST15TA","ST15TS","ST16SV","ST17SV","ST18SV","ST1SV","ST21SV","ST23CV","ST23SA","ST23TA","ST23TS","ST24CV","ST24SA","ST24TA","ST24TS","ST25CV","ST25SA","ST25TA","ST25TS","ST26CV","ST26SA","ST26TA","ST26TS","ST28SA","ST29SV","ST2SV","ST30SV","ST31CV","ST31SA","ST31TA","ST31TS","ST32CV","ST32SA","ST32TA","ST32TS","ST34CV","ST34SA","ST34TA","ST34TS","ST35CV","ST35SA","ST35TA","ST35TS","ST36CV","ST36SA","ST36TA","ST36TS","ST37SV","ST38CV","ST38SA","ST38TA","ST38TS","ST39CV","ST39SA","ST39TA","ST39TS","ST3SV","ST40CV","ST40SA","ST40TA","ST40TS","ST42SV","ST43CV","ST43SA","ST43TA","ST43TS","ST44CV","ST44SA","ST44TA","ST44TS","ST45CV","ST45SA","ST45TA","ST45TS","ST46CV","ST46SA","ST46TA","ST46TS","ST47CV","ST47SA","ST47TA","ST47TS","ST48CV","ST48SA","ST48TA","ST48TS","ST49CV","ST49SA","ST49TA","ST49TS","ST4SV","ST50CV","ST50SA","ST50TA","ST50TS","ST51CV","ST51SA","ST51TA","ST51TS","ST52CV","ST52SA","ST52TA","ST52TS","ST53SV","ST54CV","ST54SA","ST54TA","ST54TS","ST55CV","ST55SA","ST55TA","ST55TS","ST56CV","ST56SA","ST56TA","ST56TS","ST57CV","ST57SA","ST57TA","ST57TS","ST58CV","ST58SA","ST58TA","ST58TS","ST59CV","ST59SA","ST59TA","ST59TS","ST5SV","ST60CV","ST60SA","ST60TA","ST60TS","ST61SV","ST62CV","ST62SA","ST62TA","ST62TS","ST65SV","ST66SV","ST68SV","ST69SV","ST6SV","ST70SV","ST71SV","ST72CV","ST72SA","ST72TA","ST72TS","ST73CV","ST73SA","ST73TA","ST73TS","ST74CV","ST74SA","ST74TA","ST74TS","ST75SV","ST76SV","ST77SV","ST7SV","ST80SV","ST82CV","ST82SA","ST82TA","ST82TS","ST83CV","ST83SA","ST83TA","ST83TS","ST84CV","ST84SA","ST84TA","ST84TS","ST85CV","ST85SA","ST85TA","ST85TS","ST87sa","ST88SV","ST89SV","ST8SV","ST90CV","ST90SA","ST90TA","ST90TS","ST91CV","ST91SA","ST91TA","ST91TS","ST93CV","ST93SA","ST93TA","ST93TS","ST94CV","ST94SA","ST94TA","ST94TS","ST95CV","ST95SA","ST95TA","ST95TS","ST96SV","ST97CV","ST97SA","ST97TA","ST97TS","ST98CV","ST98SA","ST98TA","ST98TS","ST99CV","ST99SA","ST99TA","ST99TS","ST9SV","ST147SV","ST148SV","ST149SV","ST150SV","ST151SV","ST152SV","ST153SV","ST154SV","ST155SV","update_stamp.mri","ORIGPROT.biomk","VISCODE.biomk","BATCH","KIT","STDS","DRAWDTE","RUNDATE.biomk","ABETA","TAU","PTAU","ABETA_RAW","TAU_RAW","PTAU_RAW","update_stamp.biomk"
"ADNI1","ADNI1","141_S_0852",852,"bl","bl",2006-10-04,"Participant Visit",NA,NA,NA,NA,"Never married",NA,NA,NA,"Yes",1997,"Assisted Living",NA,NA,NA,NA,NA,NA,NA,NA,NA,NA,NA,NA,NA,NA,NA,NA,NA,NA,NA,NA,NA,NA,NA,NA,NA,NA,NA,NA,NA,NA,NA,NA,NA,NA,NA,NA,NA,NA,NA,NA,NA,NA,NA,NA,NA,NA,NA,NA,NA,NA,NA,NA,NA,NA,NA,NA,NA,NA,2002,19,2006-10-24,NA,NA,NA,NA,2006-10-24,NA,NA,NA,NA,NA,NA,NA,NA,NA,NA,NA,NA,NA,NA,NA,NA,"ADNI1","ADNI1","141_S_0852","bl","bl",2006-10-04,14,24,16497187,19,2014-08-20,NA,NA,NA,NA,2014-08-20,NA,NA,NA,NA,NA,NA,NA,NA,NA,NA,NA,NA,NA,NA,NA,NA,NA,NA,NA,NA,NA,NA,NA,NA,NA,NA,NA,NA,NA,NA,NA,NA,NA,NA,NA,NA,NA,NA,NA,NA,NA,NA,NA,NA,NA,NA,NA,NA,NA,NA,NA,NA,NA,NA,NA,NA,NA,NA,"ADNI1","ADNI1","141_S_0852","bl","bl",2006-10-04,NA,"Correct","Correct","Correct","Correct","Correct",5,"Yes","Yes","Yes","Yes","Yes",5,NA,NA,NA,5,0,8,0,6,0,7,0,7,0,4,1,4,5,NA,10,7,11,7,13,7,0,9,0,0,28,0,0,90,1,0,62,NA,NA,NA,NA,23,2,0,3,1,23,NA,3,0,10,2,4,NA,NA,NA,NA,NA,3082,19,2006-10-24,NA,NA,NA,NA,2014-08-26 16:22:46,NA,NA,NA,NA,NA,NA,NA,NA,NA,NA,NA,NA,NA,NA,NA,NA,NA,NA,NA,NA,NA,NA,NA,NA,NA,"ADNI1","ADNI1","141_S_0852","bl","bl",2006-10-04,"1","Has difficulty, but does by self (1)","Requires assistance (2)","Requires assistance (2)","Normal (0)","Normal (0)","Requires assistance (2)","Has difficulty, but does by self (1)","Normal (0)","Has difficulty, but does by self (1)","Requires assistance (2)",11,NA,1312,19,2006-10-24,NA,NA,NA,NA,2006-10-24,NA,NA,NA,NA,NA,NA,NA,NA,NA,NA,NA,NA,NA,NA,NA,NA,NA,NA,NA,NA,NA,NA,NA,NA,NA,NA,NA,NA,NA,NA,NA,NA,NA,NA,NA,NA,NA,NA,NA,NA,NA,NA,NA,NA,NA,NA,NA,NA,NA,NA,NA,NA,NA,NA,NA,NA,NA,NA,NA,NA,NA,NA,NA,NA,NA,NA,NA,NA,NA,NA,NA,NA,NA,NA,NA,NA,NA,NA,NA,NA,NA,NA,NA,NA,NA,NA,NA,NA,NA,NA,NA,NA,NA,NA,NA,NA,NA,NA,NA,NA,NA,NA,NA,NA,NA,NA,NA,NA,NA,NA,NA,NA,NA,NA,NA,NA,NA,NA,NA,NA,NA,NA,NA,NA,NA,NA,NA,NA,NA,NA,NA,NA,NA,NA,NA,NA,NA,NA,NA,NA,NA,NA,NA,NA,NA,NA,NA,NA,NA,NA,NA,NA,NA,NA,NA,NA,NA,NA,NA,NA,NA,NA,NA,NA,NA,NA,NA,NA,NA,NA,NA,NA,NA,NA,NA,NA,NA,NA,NA,NA,NA,NA,NA,NA,NA,NA,NA,NA,NA,NA,NA,NA,NA,NA,NA,NA,NA,NA,NA,NA,NA,NA,NA,NA,NA,NA,NA,NA,NA,NA,NA,NA,NA,NA,NA,NA,NA,NA,NA,NA,NA,NA,NA,NA,NA,NA,NA,NA,NA,NA,NA,NA,NA,NA,NA,NA,NA,NA,NA,NA,NA,NA,NA,NA,NA,NA,NA,NA,NA,NA,NA,NA,NA,NA,NA,NA,NA,NA,NA,NA,NA,NA,NA,NA,NA,NA,NA,NA,NA,NA,NA,NA,NA,NA,NA,NA,NA,NA,NA,NA,NA,NA,NA,NA,NA,NA,NA,NA,NA,NA,NA,NA,NA,NA,NA,NA,NA,NA,NA,NA,NA,NA,NA,NA,NA,NA,NA,NA,NA,NA,NA,NA,NA,NA,NA,NA,NA,NA,NA,NA,NA,NA,NA,NA,NA,NA,NA,NA,NA,NA,NA,NA,NA,NA,NA,NA,NA,NA,NA,NA,NA,NA,NA,NA,NA,NA,NA,"ADNI1","bl","UPENNBIOMK","170470","167082",2006-10-04,2007-11-07,140,135,32,140,135,32,2016-07-06 16:15:51
"ADNI1","ADNI1","131_S_0457",457,"bl","bl",2006-11-16,"Participant Visit",NA,NA,NA,NA,"Never married",NA,NA,NA,"Yes",1963,"Assisted Living",NA,NA,NA,NA,NA,NA,NA,NA,NA,NA,NA,NA,NA,NA,NA,NA,NA,NA,NA,NA,NA,NA,NA,NA,NA,NA,NA,NA,NA,NA,NA,NA,NA,NA,NA,NA,NA,NA,NA,NA,NA,NA,NA,NA,NA,NA,NA,NA,NA,NA,NA,NA,NA,NA,NA,NA,NA,NA,2168,118,2006-11-17,NA,NA,NA,NA,2006-11-17,NA,NA,NA,NA,NA,NA,NA,NA,NA,NA,NA,NA,NA,NA,NA,NA,"ADNI1","ADNI1","131_S_0457","bl","bl",2006-05-16,17.67,28.67,16495151,118,2014-08-20,NA,NA,NA,NA,2014-08-20,NA,NA,NA,NA,NA,NA,NA,NA,NA,NA,NA,NA,NA,NA,NA,NA,NA,NA,NA,NA,NA,NA,NA,NA,NA,NA,NA,NA,NA,NA,NA,NA,NA,NA,NA,NA,NA,NA,NA,NA,NA,NA,NA,NA,NA,NA,NA,NA,NA,NA,NA,NA,NA,NA,NA,NA,NA,NA,"ADNI1","ADNI1","131_S_0457","bl","bl",2006-05-16,NA,"Correct","Correct","Correct","Correct","Correct",5,"Yes","No","Yes","No","No",2,NA,NA,NA,4,0,5,0,6,0,6,0,6,0,4,0,3,0,NA,7,6,2,3,12,2,0,11,2,0,98,1,0,126,0,0,32,NA,NA,NA,NA,22,2,0,6,3,22,NA,0,0,6,9,10,NA,NA,NA,NA,NA,1430,118,2006-05-17,NA,NA,NA,NA,2014-08-26 16:22:45,NA,NA,NA,NA,NA,NA,NA,NA,NA,NA,NA,NA,NA,NA,NA,NA,NA,NA,NA,NA,NA,NA,NA,NA,NA,"ADNI1","ADNI1","131_S_0457","bl","bl",2006-05-16,"1","Requires assistance (2)","Requires assistance (2)","Has difficulty, but does by self (1)","Normal (0)","Normal (0)","Normal (0)","Normal (0)","Normal (0)","Requires assistance (2)","Requires assistance (2)",9,NA,462,118,2006-05-17,NA,NA,NA,NA,2006-05-17,NA,NA,NA,NA,NA,NA,NA,NA,NA,NA,NA,NA,NA,NA,NA,NA,NA,NA,NA,NA,NA,NA,NA,NA,NA,NA,NA,NA,NA,NA,NA,NA,NA,NA,NA,NA,NA,NA,NA,NA,NA,NA,NA,NA,NA,NA,NA,NA,NA,NA,NA,NA,NA,NA,NA,NA,NA,NA,NA,NA,NA,NA,NA,NA,NA,NA,NA,NA,NA,NA,NA,NA,NA,NA,NA,NA,NA,NA,NA,NA,NA,NA,NA,NA,NA,NA,NA,NA,NA,NA,NA,NA,NA,NA,NA,NA,NA,NA,NA,NA,NA,NA,NA,NA,NA,NA,NA,NA,NA,NA,NA,NA,NA,NA,NA,NA,NA,NA,NA,NA,NA,NA,NA,NA,NA,NA,NA,NA,NA,NA,NA,NA,NA,NA,NA,NA,NA,NA,NA,NA,NA,NA,NA,NA,NA,NA,NA,NA,NA,NA,NA,NA,NA,NA,NA,NA,NA,NA,NA,NA,NA,NA,NA,NA,NA,NA,NA,NA,NA,NA,NA,NA,NA,NA,NA,NA,NA,NA,NA,NA,NA,NA,NA,NA,NA,NA,NA,NA,NA,NA,NA,NA,NA,NA,NA,NA,NA,NA,NA,NA,NA,NA,NA,NA,NA,NA,NA,NA,NA,NA,NA,NA,NA,NA,NA,NA,NA,NA,NA,NA,NA,NA,NA,NA,NA,NA,NA,NA,NA,NA,NA,NA,NA,NA,NA,NA,NA,NA,NA,NA,NA,NA,NA,NA,NA,NA,NA,NA,NA,NA,NA,NA,NA,NA,NA,NA,NA,NA,NA,NA,NA,NA,NA,NA,NA,NA,NA,NA,NA,NA,NA,NA,NA,NA,NA,NA,NA,NA,NA,NA,NA,NA,NA,NA,NA,NA,NA,NA,NA,NA,NA,NA,NA,NA,NA,NA,NA,NA,NA,NA,NA,NA,NA,NA,NA,NA,NA,NA,NA,NA,NA,NA,NA,NA,NA,NA,NA,NA,NA,NA,NA,NA,NA,NA,NA,NA,NA,NA,NA,NA,NA,NA,NA,NA,NA,NA,NA,NA,NA,NA,NA,NA,NA,NA,NA,NA,NA,"ADNI1","bl","UPENNBIOMK","170470","167082",2006-06-09,2007-10-30,130,132,46,130,132,46,2016-07-06 16:15:51
"ADNI1","ADNI1","141_S_1004",1004,"bl","bl",2006-11-10,"Participant Visit",NA,NA,NA,NA,"Widowed",NA,NA,NA,"Yes",1999,"House (owned or rented)",NA,NA,NA,NA,NA,NA,NA,NA,NA,NA,NA,NA,NA,NA,NA,NA,NA,NA,NA,NA,NA,NA,NA,NA,NA,NA,NA,NA,NA,NA,NA,NA,NA,NA,NA,NA,NA,NA,NA,NA,NA,NA,NA,NA,NA,NA,NA,NA,NA,NA,NA,NA,NA,NA,NA,NA,NA,NA,2300,19,2006-12-14,NA,NA,NA,NA,2006-12-14,NA,NA,NA,NA,NA,NA,NA,NA,NA,NA,NA,NA,NA,NA,NA,NA,"ADNI1","ADNI1","141_S_1004","bl","bl",2006-11-10,9.33,17.33,16498043,19,2014-08-20,NA,NA,NA,NA,2014-08-20,NA,NA,NA,NA,NA,NA,NA,NA,NA,NA,NA,NA,NA,NA,NA,NA,NA,NA,NA,NA,NA,NA,NA,NA,NA,NA,NA,NA,NA,NA,NA,NA,NA,NA,NA,NA,NA,NA,NA,NA,NA,NA,NA,NA,NA,NA,NA,NA,NA,NA,NA,NA,NA,NA,NA,NA,NA,NA,"ADNI1","ADNI1","141_S_1004","bl","bl",2006-11-10,NA,"Correct","Correct","Correct","Correct","Correct",5,"Yes","Yes","Yes","Yes","No",4,NA,NA,NA,4,0,5,0,6,1,7,2,5,0,2,1,3,1,NA,12,8,4,3,7,0,0,9,0,0,35,0,0,90,0,0,36,NA,NA,NA,NA,28,0,0,2,2,28,NA,0,0,0,15,8,NA,NA,NA,NA,NA,3728,19,2006-12-13,NA,NA,NA,NA,2014-08-26 16:22:46,NA,NA,NA,NA,NA,NA,NA,NA,NA,NA,NA,NA,NA,NA,NA,NA,NA,NA,NA,NA,NA,NA,NA,NA,NA,"ADNI1","ADNI1","141_S_1004","bl","bl",2006-11-10,"1","Requires assistance (2)","Dependent (3)","Requires assistance (2)","Has difficulty, but does by self (1)","Has difficulty, but does by self (1)","Requires assistance (2)","Requires assistance (2)","Has difficulty, but does by self (1)","Dependent (3)","Dependent (3)",20,NA,1710,19,2006-12-13,NA,NA,NA,NA,2006-12-13,NA,NA,NA,NA,NA,NA,NA,NA,NA,NA,NA,NA,NA,NA,NA,NA,NA,NA,NA,NA,NA,NA,NA,NA,NA,NA,NA,NA,NA,NA,NA,NA,NA,NA,NA,NA,NA,NA,NA,NA,NA,NA,NA,NA,NA,NA,NA,NA,NA,NA,NA,NA,NA,NA,NA,NA,NA,NA,NA,NA,NA,NA,NA,NA,NA,NA,NA,NA,NA,NA,NA,NA,NA,NA,NA,NA,NA,NA,NA,NA,NA,NA,NA,NA,NA,NA,NA,NA,NA,NA,NA,NA,NA,NA,NA,NA,NA,NA,NA,NA,NA,NA,NA,NA,NA,NA,NA,NA,NA,NA,NA,NA,NA,NA,NA,NA,NA,NA,NA,NA,NA,NA,NA,NA,NA,NA,NA,NA,NA,NA,NA,NA,NA,NA,NA,NA,NA,NA,NA,NA,NA,NA,NA,NA,NA,NA,NA,NA,NA,NA,NA,NA,NA,NA,NA,NA,NA,NA,NA,NA,NA,NA,NA,NA,NA,NA,NA,NA,NA,NA,NA,NA,NA,NA,NA,NA,NA,NA,NA,NA,NA,NA,NA,NA,NA,NA,NA,NA,NA,NA,NA,NA,NA,NA,NA,NA,NA,NA,NA,NA,NA,NA,NA,NA,NA,NA,NA,NA,NA,NA,NA,NA,NA,NA,NA,NA,NA,NA,NA,NA,NA,NA,NA,NA,NA,NA,NA,NA,NA,NA,NA,NA,NA,NA,NA,NA,NA,NA,NA,NA,NA,NA,NA,NA,NA,NA,NA,NA,NA,NA,NA,NA,NA,NA,NA,NA,NA,NA,NA,NA,NA,NA,NA,NA,NA,NA,NA,NA,NA,NA,NA,NA,NA,NA,NA,NA,NA,NA,NA,NA,NA,NA,NA,NA,NA,NA,NA,NA,NA,NA,NA,NA,NA,NA,NA,NA,NA,NA,NA,NA,NA,NA,NA,NA,NA,NA,NA,NA,NA,NA,NA,NA,NA,NA,NA,NA,NA,NA,NA,NA,NA,NA,NA,NA,NA,NA,NA,NA,NA,NA,NA,NA,NA,NA,NA,NA,NA,NA,NA,NA,NA,NA,NA,NA,NA,NA,NA,NA,NA,NA,NA,NA,NA,NA,NA,NA,NA,NA,NA,NA,NA
"ADNI1","ADNI1","141_S_1137",1137,"bl","bl",2006-12-29,"Participant Visit",NA,NA,NA,NA,"Married",NA,NA,NA,"Yes",2003,"Condo/Co-op (owned)",NA,NA,NA,NA,NA,NA,NA,NA,NA,NA,NA,NA,NA,NA,NA,NA,NA,NA,NA,NA,NA,NA,NA,NA,NA,NA,NA,NA,NA,NA,NA,NA,NA,NA,NA,NA,NA,NA,NA,NA,NA,NA,NA,NA,NA,NA,NA,NA,NA,NA,NA,NA,NA,NA,NA,NA,NA,NA,2386,19,2007-01-10,NA,NA,NA,NA,2007-01-10,NA,NA,NA,NA,NA,NA,NA,NA,NA,NA,NA,NA,NA,NA,NA,NA,"ADNI1","ADNI1","141_S_1137","bl","bl",2006-12-29,26.67,36.67,16498781,19,2014-08-20,NA,NA,NA,NA,2014-08-20,NA,NA,NA,NA,NA,NA,NA,NA,NA,NA,NA,NA,NA,NA,NA,NA,NA,NA,NA,NA,NA,NA,NA,NA,NA,NA,NA,NA,NA,NA,NA,NA,NA,NA,NA,NA,NA,NA,NA,NA,NA,NA,NA,NA,NA,NA,NA,NA,NA,NA,NA,NA,NA,NA,NA,NA,NA,NA,"ADNI1","ADNI1","141_S_1137","bl","bl",2006-12-29,NA,"Correct","Correct","Correct","Correct","Incorrect",4,"Yes","Yes","Yes","Yes","No",4,NA,NA,NA,4,0,2,1,3,0,4,0,2,0,0,0,3,0,NA,10,7,6,4,6,0,0,5,0,0,150,1,0,300,0,6,0,NA,NA,NA,NA,15,15,0,5,0,15,NA,0,0,0,1,8,NA,NA,NA,NA,NA,3978,19,2007-01-10,NA,NA,NA,NA,2014-08-26 16:22:46,NA,NA,NA,NA,NA,NA,NA,NA,NA,NA,NA,NA,NA,NA,NA,NA,NA,NA,NA,NA,NA,NA,NA,NA,NA,"ADNI1","ADNI1","141_S_1137","bl","bl",2006-12-29,"1","Never did, would have difficulty now (1)","Requires assistance (2)","Never did, would have difficulty now (1)","Never did, would have difficulty now (1)","Normal (0)","Never did, would have difficulty now (1)","Requires assistance (2)","Has difficulty, but does by self (1)","Dependent (3)","Requires assistance (2)",14,NA,1878,19,2007-01-10,NA,NA,NA,NA,2007-01-10,NA,NA,NA,NA,NA,NA,NA,NA,NA,NA,NA,NA,NA,NA,NA,NA,NA,NA,NA,NA,NA,NA,NA,NA,NA,NA,NA,NA,NA,NA,NA,NA,NA,NA,NA,NA,NA,NA,NA,NA,NA,NA,NA,NA,NA,NA,NA,NA,NA,NA,NA,NA,NA,NA,NA,NA,NA,NA,NA,NA,NA,NA,NA,NA,NA,NA,NA,NA,NA,NA,NA,NA,NA,NA,NA,NA,NA,NA,NA,NA,NA,NA,NA,NA,NA,NA,NA,NA,NA,NA,NA,NA,NA,NA,NA,NA,NA,NA,NA,NA,NA,NA,NA,NA,NA,NA,NA,NA,NA,NA,NA,NA,NA,NA,NA,NA,NA,NA,NA,NA,NA,NA,NA,NA,NA,NA,NA,NA,NA,NA,NA,NA,NA,NA,NA,NA,NA,NA,NA,NA,NA,NA,NA,NA,NA,NA,NA,NA,NA,NA,NA,NA,NA,NA,NA,NA,NA,NA,NA,NA,NA,NA,NA,NA,NA,NA,NA,NA,NA,NA,NA,NA,NA,NA,NA,NA,NA,NA,NA,NA,NA,NA,NA,NA,NA,NA,NA,NA,NA,NA,NA,NA,NA,NA,NA,NA,NA,NA,NA,NA,NA,NA,NA,NA,NA,NA,NA,NA,NA,NA,NA,NA,NA,NA,NA,NA,NA,NA,NA,NA,NA,NA,NA,NA,NA,NA,NA,NA,NA,NA,NA,NA,NA,NA,NA,NA,NA,NA,NA,NA,NA,NA,NA,NA,NA,NA,NA,NA,NA,NA,NA,NA,NA,NA,NA,NA,NA,NA,NA,NA,NA,NA,NA,NA,NA,NA,NA,NA,NA,NA,NA,NA,NA,NA,NA,NA,NA,NA,NA,NA,NA,NA,NA,NA,NA,NA,NA,NA,NA,NA,NA,NA,NA,NA,NA,NA,NA,NA,NA,NA,NA,NA,NA,NA,NA,NA,NA,NA,NA,NA,NA,NA,NA,NA,NA,NA,NA,NA,NA,NA,NA,NA,NA,NA,NA,NA,NA,NA,NA,NA,NA,NA,NA,NA,NA,NA,NA,NA,NA,NA,NA,NA,NA,NA,NA,NA,NA,"ADNI1","bl","UPENNBIOMK","170470","167082",2006-12-15,2007-11-01,170,161,33,170,161,33,2016-07-06 16:15:52
"ADNI1","ADNI1","027_S_1387",1387,"bl","bl",2007-03-12,"Participant Visit",NA,NA,NA,NA,"Married",NA,NA,NA,"Yes",2006,"House (owned or rented)",NA,NA,NA,NA,NA,NA,NA,NA,NA,NA,NA,NA,NA,NA,NA,NA,NA,NA,NA,NA,NA,NA,NA,NA,NA,NA,NA,NA,NA,NA,NA,NA,NA,NA,NA,NA,NA,NA,NA,NA,NA,NA,NA,NA,NA,NA,NA,NA,NA,NA,NA,NA,NA,NA,NA,NA,NA,NA,2740,13,2007-03-19,NA,NA,NA,NA,2007-03-19,NA,NA,NA,NA,NA,NA,NA,NA,NA,NA,NA,NA,NA,NA,NA,NA,"ADNI1","ADNI1","027_S_1387","bl","bl",2007-03-12,20.33,28.33,16500007,13,2014-08-20,NA,NA,NA,NA,2014-08-20,NA,NA,NA,NA,NA,NA,NA,NA,NA,NA,NA,NA,NA,NA,NA,NA,NA,NA,NA,NA,NA,NA,NA,NA,NA,NA,NA,NA,NA,NA,NA,NA,NA,NA,NA,NA,NA,NA,NA,NA,NA,NA,NA,NA,NA,NA,NA,NA,NA,NA,NA,NA,NA,NA,NA,NA,NA,NA,"ADNI1","ADNI1","027_S_1387","bl","bl",2007-03-12,NA,"Correct","Correct","Incorrect","Correct","Incorrect",3,"Yes","Yes","No","Yes","No",3,NA,NA,NA,5,0,4,0,5,0,4,0,6,0,2,2,3,0,NA,7,6,4,3,12,2,0,5,0,0,67,0,0,143,0,0,26,NA,NA,NA,NA,17,1,0,13,5,17,NA,0,1,0,0,10,NA,NA,NA,NA,NA,4902,13,2007-03-19,NA,NA,NA,NA,2014-08-26 16:22:46,NA,NA,NA,NA,NA,NA,NA,NA,NA,NA,NA,NA,NA,NA,NA,NA,NA,NA,NA,NA,NA,NA,NA,NA,NA,"ADNI1","ADNI1","027_S_1387","bl","bl",2007-03-12,"1","Dependent (3)","Requires assistance (2)","Dependent (3)","Never did, but could do now (0)","Normal (0)","Dependent (3)","Normal (0)","Requires assistance (2)","Dependent (3)","Dependent (3)",19,NA,2512,13,2007-03-19,NA,NA,NA,NA,2007-03-19,NA,NA,NA,NA,NA,NA,NA,NA,NA,NA,NA,NA,NA,NA,NA,NA,NA,NA,NA,NA,NA,NA,NA,NA,NA,NA,NA,NA,NA,NA,NA,NA,NA,NA,NA,NA,NA,NA,NA,NA,NA,NA,NA,NA,NA,NA,NA,NA,NA,NA,NA,NA,NA,NA,NA,NA,NA,NA,NA,NA,NA,NA,NA,NA,NA,NA,NA,NA,NA,NA,NA,NA,NA,NA,NA,NA,NA,NA,NA,NA,NA,NA,NA,NA,NA,NA,NA,NA,NA,NA,NA,NA,NA,NA,NA,NA,NA,NA,NA,NA,NA,NA,NA,NA,NA,NA,NA,NA,NA,NA,NA,NA,NA,NA,NA,NA,NA,NA,NA,NA,NA,NA,NA,NA,NA,NA,NA,NA,NA,NA,NA,NA,NA,NA,NA,NA,NA,NA,NA,NA,NA,NA,NA,NA,NA,NA,NA,NA,NA,NA,NA,NA,NA,NA,NA,NA,NA,NA,NA,NA,NA,NA,NA,NA,NA,NA,NA,NA,NA,NA,NA,NA,NA,NA,NA,NA,NA,NA,NA,NA,NA,NA,NA,NA,NA,NA,NA,NA,NA,NA,NA,NA,NA,NA,NA,NA,NA,NA,NA,NA,NA,NA,NA,NA,NA,NA,NA,NA,NA,NA,NA,NA,NA,NA,NA,NA,NA,NA,NA,NA,NA,NA,NA,NA,NA,NA,NA,NA,NA,NA,NA,NA,NA,NA,NA,NA,NA,NA,NA,NA,NA,NA,NA,NA,NA,NA,NA,NA,NA,NA,NA,NA,NA,NA,NA,NA,NA,NA,NA,NA,NA,NA,NA,NA,NA,NA,NA,NA,NA,NA,NA,NA,NA,NA,NA,NA,NA,NA,NA,NA,NA,NA,NA,NA,NA,NA,NA,NA,NA,NA,NA,NA,NA,NA,NA,NA,NA,NA,NA,NA,NA,NA,NA,NA,NA,NA,NA,NA,NA,NA,NA,NA,NA,NA,NA,NA,NA,NA,NA,NA,NA,NA,NA,NA,NA,NA,NA,NA,NA,NA,NA,NA,NA,NA,NA,NA,NA,NA,NA,NA,NA,NA,NA,NA,NA,NA,NA,NA,NA,NA,NA,NA,NA,NA,NA,NA,NA,NA,NA,NA,NA
"ADNI1","ADNI1","027_S_1385",1385,"bl","bl",2007-03-13,"Participant Visit",NA,NA,NA,NA,"Divorced",NA,NA,NA,"No",NA,"House (owned or rented)",NA,NA,NA,NA,NA,NA,NA,NA,NA,NA,NA,NA,NA,NA,NA,NA,NA,NA,NA,NA,NA,NA,NA,NA,NA,NA,NA,NA,NA,NA,NA,NA,NA,NA,NA,NA,NA,NA,NA,NA,NA,NA,NA,NA,NA,NA,NA,NA,NA,NA,NA,NA,NA,NA,NA,NA,NA,NA,2744,13,2007-03-19,NA,NA,NA,NA,2007-03-19,NA,NA,NA,NA,NA,NA,NA,NA,NA,NA,NA,NA,NA,NA,NA,NA,"ADNI1","ADNI1","027_S_1385","bl","bl",2007-03-13,17.67,29.67,16499999,13,2014-08-20,NA,NA,NA,NA,2014-08-20,NA,NA,NA,NA,NA,NA,NA,NA,NA,NA,NA,NA,NA,NA,NA,NA,NA,NA,NA,NA,NA,NA,NA,NA,NA,NA,NA,NA,NA,NA,NA,NA,NA,NA,NA,NA,NA,NA,NA,NA,NA,NA,NA,NA,NA,NA,NA,NA,NA,NA,NA,NA,NA,NA,NA,NA,NA,NA,"ADNI1","ADNI1","027_S_1385","bl","bl",2007-03-13,NA,"Correct","Correct","Correct","Correct","Correct",5,"Yes","Yes","Yes","Yes","Yes",5,NA,NA,NA,4,0,5,0,7,0,6,0,7,0,0,0,2,3,NA,8,6,5,5,10,1,0,5,0,3,97,1,0,300,0,8,18,NA,NA,NA,NA,9,10,1,18,0,10,NA,0,0,0,0,32,NA,NA,NA,NA,NA,4900,13,2007-03-19,NA,NA,NA,NA,2014-08-26 16:22:46,NA,NA,NA,NA,NA,NA,NA,NA,NA,NA,NA,NA,NA,NA,NA,NA,NA,NA,NA,NA,NA,NA,NA,NA,NA,"ADNI1","ADNI1","027_S_1385","bl","bl",2007-03-13,"2","Dependent (3)","Dependent (3)","Has difficulty, but does by self (1)","Never did, but could do now (0)","Has difficulty, but does by self (1)","Requires assistance (2)","Normal (0)","Normal (0)","Has difficulty, but does by self (1)","Has difficulty, but does by self (1)",12,NA,2514,13,2007-03-19,NA,NA,NA,NA,2007-03-19,NA,NA,NA,NA,NA,NA,NA,NA,NA,NA,NA,NA,NA,NA,NA,NA,NA,NA,NA,NA,NA,NA,NA,NA,NA,NA,NA,NA,NA,NA,NA,NA,NA,NA,NA,NA,NA,NA,NA,NA,NA,NA,NA,NA,NA,NA,NA,NA,NA,NA,NA,NA,NA,NA,NA,NA,NA,NA,NA,NA,NA,NA,NA,NA,NA,NA,NA,NA,NA,NA,NA,NA,NA,NA,NA,NA,NA,NA,NA,NA,NA,NA,NA,NA,NA,NA,NA,NA,NA,NA,NA,NA,NA,NA,NA,NA,NA,NA,NA,NA,NA,NA,NA,NA,NA,NA,NA,NA,NA,NA,NA,NA,NA,NA,NA,NA,NA,NA,NA,NA,NA,NA,NA,NA,NA,NA,NA,NA,NA,NA,NA,NA,NA,NA,NA,NA,NA,NA,NA,NA,NA,NA,NA,NA,NA,NA,NA,NA,NA,NA,NA,NA,NA,NA,NA,NA,NA,NA,NA,NA,NA,NA,NA,NA,NA,NA,NA,NA,NA,NA,NA,NA,NA,NA,NA,NA,NA,NA,NA,NA,NA,NA,NA,NA,NA,NA,NA,NA,NA,NA,NA,NA,NA,NA,NA,NA,NA,NA,NA,NA,NA,NA,NA,NA,NA,NA,NA,NA,NA,NA,NA,NA,NA,NA,NA,NA,NA,NA,NA,NA,NA,NA,NA,NA,NA,NA,NA,NA,NA,NA,NA,NA,NA,NA,NA,NA,NA,NA,NA,NA,NA,NA,NA,NA,NA,NA,NA,NA,NA,NA,NA,NA,NA,NA,NA,NA,NA,NA,NA,NA,NA,NA,NA,NA,NA,NA,NA,NA,NA,NA,NA,NA,NA,NA,NA,NA,NA,NA,NA,NA,NA,NA,NA,NA,NA,NA,NA,NA,NA,NA,NA,NA,NA,NA,NA,NA,NA,NA,NA,NA,NA,NA,NA,NA,NA,NA,NA,NA,NA,NA,NA,NA,NA,NA,NA,NA,NA,NA,NA,NA,NA,NA,NA,NA,NA,NA,NA,NA,NA,NA,NA,NA,NA,NA,NA,NA,NA,NA,NA,NA,NA,NA,NA,NA,NA,NA,NA,NA,NA,NA,NA,NA,NA,NA,NA,NA,NA,NA,NA,NA,NA
"ADNI1","ADNI1","141_S_1051",1051,"bl","bl",2007-01-04,"Participant Visit",NA,NA,NA,NA,"Married",NA,NA,NA,"Yes",1953,"Condo/Co-op (owned)",NA,NA,NA,NA,NA,NA,NA,NA,NA,NA,NA,NA,NA,NA,NA,NA,NA,NA,NA,NA,NA,NA,NA,NA,NA,NA,NA,NA,NA,NA,NA,NA,NA,NA,NA,NA,NA,NA,NA,NA,NA,NA,NA,NA,NA,NA,NA,NA,NA,NA,NA,NA,NA,NA,NA,NA,NA,NA,2884,19,2008-01-14,NA,NA,NA,NA,2008-01-14,NA,NA,NA,NA,NA,NA,NA,NA,NA,NA,NA,NA,NA,NA,NA,NA,"ADNI1","ADNI1","141_S_1051","bl","bl",2007-01-04,16.33,27.33,16498289,19,2014-08-20,NA,NA,NA,NA,2014-08-20,NA,NA,NA,NA,NA,NA,NA,NA,NA,NA,NA,NA,NA,NA,NA,NA,NA,NA,NA,NA,NA,NA,NA,NA,NA,NA,NA,NA,NA,NA,NA,NA,NA,NA,NA,NA,NA,NA,NA,NA,NA,NA,NA,NA,NA,NA,NA,NA,NA,NA,NA,NA,NA,NA,NA,NA,NA,NA,"ADNI1","ADNI1","141_S_1051","bl","bl",2007-01-04,NA,"Correct","Incorrect","Correct","Correct","Incorrect",3,"Yes","Yes","Yes","Yes","Yes",5,NA,NA,NA,5,0,6,0,4,0,5,0,7,0,0,0,2,1,NA,7,5,4,3,9,2,0,11,1,0,35,0,0,300,2,0,18,NA,NA,NA,NA,21,0,0,7,7,21,NA,0,0,9,2,9,NA,NA,NA,NA,NA,3914,19,2007-01-04,NA,NA,NA,NA,2014-08-26 16:22:46,NA,NA,NA,NA,NA,NA,NA,NA,NA,NA,NA,NA,NA,NA,NA,NA,NA,NA,NA,NA,NA,NA,NA,NA,NA,"ADNI1","ADNI1","141_S_1051","bl","bl",2007-01-04,"1","Never did, would have difficulty now (1)","Never did, would have difficulty now (1)","Normal (0)","Normal (0)","Normal (0)","Normal (0)","Normal (0)","Normal (0)","Has difficulty, but does by self (1)","Normal (0)",3,NA,1834,19,2007-01-04,NA,NA,NA,NA,2007-01-04,NA,NA,NA,NA,NA,NA,NA,NA,NA,NA,NA,NA,NA,NA,NA,NA,NA,NA,NA,NA,NA,NA,NA,NA,NA,NA,NA,NA,NA,NA,NA,NA,NA,NA,NA,NA,NA,NA,NA,NA,NA,NA,NA,NA,NA,NA,NA,NA,NA,NA,NA,NA,NA,NA,NA,NA,NA,NA,NA,NA,NA,NA,NA,NA,NA,NA,NA,NA,NA,NA,NA,NA,NA,NA,NA,NA,NA,NA,NA,NA,NA,NA,NA,NA,NA,NA,NA,NA,NA,NA,NA,NA,NA,NA,NA,NA,NA,NA,NA,NA,NA,NA,NA,NA,NA,NA,NA,NA,NA,NA,NA,NA,NA,NA,NA,NA,NA,NA,NA,NA,NA,NA,NA,NA,NA,NA,NA,NA,NA,NA,NA,NA,NA,NA,NA,NA,NA,NA,NA,NA,NA,NA,NA,NA,NA,NA,NA,NA,NA,NA,NA,NA,NA,NA,NA,NA,NA,NA,NA,NA,NA,NA,NA,NA,NA,NA,NA,NA,NA,NA,NA,NA,NA,NA,NA,NA,NA,NA,NA,NA,NA,NA,NA,NA,NA,NA,NA,NA,NA,NA,NA,NA,NA,NA,NA,NA,NA,NA,NA,NA,NA,NA,NA,NA,NA,NA,NA,NA,NA,NA,NA,NA,NA,NA,NA,NA,NA,NA,NA,NA,NA,NA,NA,NA,NA,NA,NA,NA,NA,NA,NA,NA,NA,NA,NA,NA,NA,NA,NA,NA,NA,NA,NA,NA,NA,NA,NA,NA,NA,NA,NA,NA,NA,NA,NA,NA,NA,NA,NA,NA,NA,NA,NA,NA,NA,NA,NA,NA,NA,NA,NA,NA,NA,NA,NA,NA,NA,NA,NA,NA,NA,NA,NA,NA,NA,NA,NA,NA,NA,NA,NA,NA,NA,NA,NA,NA,NA,NA,NA,NA,NA,NA,NA,NA,NA,NA,NA,NA,NA,NA,NA,NA,NA,NA,NA,NA,NA,NA,NA,NA,NA,NA,NA,NA,NA,NA,NA,NA,NA,NA,NA,NA,NA,NA,NA,NA,NA,NA,NA,NA,NA,NA,NA,NA,NA,NA,NA,"ADNI1","bl","UPENNBIOMK","170470","167082",2006-12-18,2007-11-01,284,76,13,284,76,13,2016-07-06 16:15:51
"ADNIGO","ADNIGO","099_S_2063",2063,"bl","bl",2010-10-22,"Participant Visit",NA,NA,NA,NA,"Married",NA,NA,NA,"Yes",2010,"Condo/Co-op (owned)",NA,NA,NA,NA,NA,NA,NA,NA,NA,NA,NA,NA,NA,NA,NA,NA,NA,NA,NA,NA,NA,NA,NA,NA,NA,NA,NA,NA,NA,NA,NA,NA,NA,NA,NA,NA,NA,NA,NA,NA,NA,NA,NA,NA,NA,NA,NA,NA,NA,NA,NA,NA,NA,NA,NA,NA,NA,NA,598,39,2010-11-12,NA,NA,NA,NA,2012-11-16 09:42:47,NA,NA,NA,NA,NA,NA,NA,NA,NA,NA,NA,NA,NA,NA,NA,NA,"ADNIGO","ADNIGO","099_S_2063","bl","bl",2010-10-22,7.33,12.33,202,39,2010-11-02,2011-02-28,NA,NA,NA,2025-05-15 17:03:57,NA,NA,NA,NA,NA,NA,NA,NA,NA,NA,NA,NA,NA,NA,NA,NA,NA,NA,NA,NA,NA,NA,NA,NA,NA,NA,NA,NA,NA,NA,NA,NA,NA,NA,NA,NA,NA,NA,NA,NA,NA,NA,NA,NA,NA,NA,NA,NA,NA,NA,NA,NA,NA,NA,NA,NA,NA,NA,"ADNIGO","ADNIGO","099_S_2063","bl","bl",2010-10-22,NA,"Correct","Correct","Correct","Correct","Incorrect",4,"Correct","Incorrect","Correct","Correct","Correct",4,NA,NA,NA,3,0,5,0,7,0,7,0,9,0,4,0,5,0,NA,NA,NA,NA,NA,17,3,0,NA,NA,NA,53,1,0,100,1,0,NA,NA,NA,NA,NA,27,0,0,3,3,27,NA,3,0,11,1,12,NA,NA,NA,NA,NA,538,39,2010-11-02,2012-06-12,NA,NA,NA,2013-03-22 15:23:35,NA,NA,NA,NA,NA,NA,NA,NA,NA,NA,NA,NA,NA,NA,NA,NA,NA,NA,NA,NA,NA,NA,NA,NA,NA,"ADNIGO","ADNIGO","099_S_2063","bl","bl",2010-10-22,"Participant Visit","Normal (0)","Normal (0)","Requires assistance (2)","Has difficulty, but does by self (1)","Has difficulty, but does by self (1)","Has difficulty, but does by self (1)","Never did, would have difficulty now (1)","Has difficulty, but does by self (1)","Requires assistance (2)","Has difficulty, but does by self (1)",10,NA,192,39,2010-11-02,NA,NA,NA,NA,2012-11-16 09:40:25,NA,NA,NA,NA,NA,NA,NA,NA,NA,NA,NA,NA,NA,NA,NA,NA,NA,NA,NA,NA,NA,NA,NA,NA,NA,NA,NA,NA,NA,NA,NA,NA,NA,NA,NA,NA,NA,NA,NA,NA,NA,NA,NA,NA,NA,NA,NA,NA,NA,NA,NA,NA,NA,NA,NA,NA,NA,NA,NA,NA,NA,NA,NA,NA,NA,NA,NA,NA,NA,NA,NA,NA,NA,NA,NA,NA,NA,NA,NA,NA,NA,NA,NA,NA,NA,NA,NA,NA,NA,NA,NA,NA,NA,NA,NA,NA,NA,NA,NA,NA,NA,NA,NA,NA,NA,NA,NA,NA,NA,NA,NA,NA,NA,NA,NA,NA,NA,NA,NA,NA,NA,NA,NA,NA,NA,NA,NA,NA,NA,NA,NA,NA,NA,NA,NA,NA,NA,NA,NA,NA,NA,NA,NA,NA,NA,NA,NA,NA,NA,NA,NA,NA,NA,NA,NA,NA,NA,NA,NA,NA,NA,NA,NA,NA,NA,NA,NA,NA,NA,NA,NA,NA,NA,NA,NA,NA,NA,NA,NA,NA,NA,NA,NA,NA,NA,NA,NA,NA,NA,NA,NA,NA,NA,NA,NA,NA,NA,NA,NA,NA,NA,NA,NA,NA,NA,NA,NA,NA,NA,NA,NA,NA,NA,NA,NA,NA,NA,NA,NA,NA,NA,NA,NA,NA,NA,NA,NA,NA,NA,NA,NA,NA,NA,NA,NA,NA,NA,NA,NA,NA,NA,NA,NA,NA,NA,NA,NA,NA,NA,NA,NA,NA,NA,NA,NA,NA,NA,NA,NA,NA,NA,NA,NA,NA,NA,NA,NA,NA,NA,NA,NA,NA,NA,NA,NA,NA,NA,NA,NA,NA,NA,NA,NA,NA,NA,NA,NA,NA,NA,NA,NA,NA,NA,NA,NA,NA,NA,NA,NA,NA,NA,NA,NA,NA,NA,NA,NA,NA,NA,NA,NA,NA,NA,NA,NA,NA,NA,NA,NA,NA,NA,NA,NA,NA,NA,NA,NA,NA,NA,NA,NA,NA,NA,NA,NA,NA,NA,NA,NA,NA,NA,NA,NA,NA,NA,NA,NA,"ADNIGO","bl","UPENNBIOMK5","220093","215382",2010-10-22,2012-02-23,120,82.8,36.4,150,76.4,22.7,2016-07-06 16:15:52
"ADNI2","ADNI2","070_S_4798",4798,"v03","bl",2012-07-06,"Participant Visit",NA,NA,NA,NA,"Married",NA,NA,NA,"Yes",1991,"Condo/Co-op (owned)",NA,NA,NA,NA,NA,NA,NA,NA,NA,NA,NA,NA,NA,NA,NA,NA,NA,NA,NA,NA,NA,NA,NA,NA,NA,NA,NA,NA,NA,NA,NA,NA,NA,NA,NA,NA,NA,NA,NA,NA,NA,NA,NA,NA,NA,NA,NA,NA,NA,NA,NA,NA,NA,NA,NA,NA,NA,NA,3316,61,2014-04-02,NA,NA,NA,NA,2016-05-16 19:51:33,NA,NA,NA,NA,NA,NA,NA,NA,NA,NA,NA,NA,NA,NA,NA,NA,"ADNI2","ADNI2","070_S_4798","v03","bl",2012-07-06,16.67,21.67,2158,61,2012-07-09,NA,NA,NA,NA,2025-05-15 17:03:57,NA,NA,NA,NA,NA,NA,NA,NA,NA,NA,NA,NA,NA,NA,NA,NA,NA,NA,NA,NA,NA,NA,NA,NA,NA,NA,NA,NA,NA,NA,NA,NA,NA,NA,NA,NA,NA,NA,NA,NA,NA,NA,NA,NA,NA,NA,NA,NA,NA,NA,NA,NA,NA,NA,NA,NA,NA,NA,"ADNI2","ADNI2","070_S_4798","v03","bl",2012-07-06,NA,"Correct","Incorrect","Correct","Correct","Correct",4,"Correct","Correct","Correct","Correct","Correct",5,NA,NA,NA,6,0,9,0,7,0,9,0,10,0,5,0,4,1,NA,NA,NA,NA,NA,16,5,0,NA,NA,NA,34,0,0,64,0,0,NA,NA,NA,NA,NA,23,0,0,7,4,23,1447,3,1,12,1,NA,"ANART Not Done - Spanish speaking",NA,NA,NA,NA,3770,61,2012-07-09,2014-12-17,NA,NA,NA,2014-12-18 19:18:44,NA,NA,NA,NA,NA,NA,NA,NA,NA,NA,NA,NA,NA,NA,NA,NA,NA,NA,NA,NA,NA,NA,NA,NA,NA,"ADNI2","ADNI2","070_S_4798","v03","bl",2012-07-06,"Participant Visit","Normal (0)","Normal (0)","Normal (0)","Normal (0)","Normal (0)","Normal (0)","Normal (0)","Normal (0)","Normal (0)","Normal (0)",0,NA,2156,61,2012-07-09,NA,NA,NA,NA,2013-04-09 15:24:11,NA,NA,NA,NA,NA,NA,NA,NA,NA,NA,NA,NA,NA,NA,NA,NA,NA,NA,NA,NA,NA,NA,NA,NA,NA,NA,NA,NA,NA,NA,NA,NA,NA,NA,NA,NA,NA,NA,NA,NA,NA,NA,NA,NA,NA,NA,NA,NA,NA,NA,NA,NA,NA,NA,NA,NA,NA,NA,NA,NA,NA,NA,NA,NA,NA,NA,NA,NA,NA,NA,NA,NA,NA,NA,NA,NA,NA,NA,NA,NA,NA,NA,NA,NA,NA,NA,NA,NA,NA,NA,NA,NA,NA,NA,NA,NA,NA,NA,NA,NA,NA,NA,NA,NA,NA,NA,NA,NA,NA,NA,NA,NA,NA,NA,NA,NA,NA,NA,NA,NA,NA,NA,NA,NA,NA,NA,NA,NA,NA,NA,NA,NA,NA,NA,NA,NA,NA,NA,NA,NA,NA,NA,NA,NA,NA,NA,NA,NA,NA,NA,NA,NA,NA,NA,NA,NA,NA,NA,NA,NA,NA,NA,NA,NA,NA,NA,NA,NA,NA,NA,NA,NA,NA,NA,NA,NA,NA,NA,NA,NA,NA,NA,NA,NA,NA,NA,NA,NA,NA,NA,NA,NA,NA,NA,NA,NA,NA,NA,NA,NA,NA,NA,NA,NA,NA,NA,NA,NA,NA,NA,NA,NA,NA,NA,NA,NA,NA,NA,NA,NA,NA,NA,NA,NA,NA,NA,NA,NA,NA,NA,NA,NA,NA,NA,NA,NA,NA,NA,NA,NA,NA,NA,NA,NA,NA,NA,NA,NA,NA,NA,NA,NA,NA,NA,NA,NA,NA,NA,NA,NA,NA,NA,NA,NA,NA,NA,NA,NA,NA,NA,NA,NA,NA,NA,NA,NA,NA,NA,NA,NA,NA,NA,NA,NA,NA,NA,NA,NA,NA,NA,NA,NA,NA,NA,NA,NA,NA,NA,NA,NA,NA,NA,NA,NA,NA,NA,NA,NA,NA,NA,NA,NA,NA,NA,NA,NA,NA,NA,NA,NA,NA,NA,NA,NA,NA,NA,NA,NA,NA,NA,NA,NA,NA,NA,NA,NA,NA,NA,NA,NA,NA,NA,NA,NA,NA,NA,NA,NA,NA,NA,NA,NA,NA,NA,NA,NA,NA,NA,NA,NA,NA
