"Feature","Missing_Rate","Domain"
"ORIGPROT",0,"Demographics"
"COLPROT",0,"Demographics"
"PTID",0,"Demographics"
"RID",0,"Demographics"
"VISCODE",0,"Demographics"
"VISCODE2",0,"Demographics"
"VISDATE",0,"Demographics"
"PTSOURCE",0,"Demographics"
"PTGENDER",1,"Demographics"
"PTDOB",1,"Demographics"
"PTDOBYY",1,"Demographics"
"PTHAND",1,"Demographics"
"PTMARRY",0,"Demographics"
"PTEDUCAT",1,"Demographics"
"PTWORKHS",1,"Demographics"
"PTWORK",1,"Demographics"
"PTNOTRT",0,"Demographics"
"PTRTYR",0.111111111111111,"Demographics"
"PTHOME",0,"Demographics"
"PTTLANG",1,"Demographics"
"PTPLANG",1,"Demographics"
"PTADBEG",1,"Demographics"
"PTCOGBEG",1,"Demographics"
"PTADDX",1,"Demographics"
"PTETHCAT",1,"Demographics"
"PTRACCAT",1,"Demographics"
"PTIDENT",1,"Demographics"
"PTORIENT",1,"Demographics"
"PTORIENTOT",1,"Demographics"
"PTENGSPK",1,"Demographics"
"PTNLANG",1,"Demographics"
"PTENGSPKAGE",1,"Demographics"
"PTCLANG",1,"Demographics"
"PTLANGSP",1,"Demographics"
"PTLANGWR",1,"Demographics"
"PTSPTIM",1,"Demographics"
"PTSPOTTIM",1,"Demographics"
"PTLANGPR1",1,"Demographics"
"PTLANGSP1",1,"Demographics"
"PTLANGRD1",1,"Demographics"
"PTLANGWR1",1,"Demographics"
"PTLANGUN1",1,"Demographics"
"PTLANGPR2",1,"Demographics"
"PTLANGSP2",1,"Demographics"
"PTLANGRD2",1,"Demographics"
"PTLANGWR2",1,"Demographics"
"PTLANGUN2",1,"Demographics"
"PTLANGPR3",1,"Demographics"
"PTLANGSP3",1,"Demographics"
"PTLANGRD3",1,"Demographics"
"PTLANGWR3",1,"Demographics"
"PTLANGUN3",1,"Demographics"
"PTLANGPR4",1,"Demographics"
"PTLANGSP4",1,"Demographics"
"PTLANGRD4",1,"Demographics"
"PTLANGWR4",1,"Demographics"
"PTLANGUN4",1,"Demographics"
"PTLANGPR5",1,"Demographics"
"PTLANGSP5",1,"Demographics"
"PTLANGRD5",1,"Demographics"
"PTLANGWR5",1,"Demographics"
"PTLANGUN5",1,"Demographics"
"PTLANGPR6",1,"Demographics"
"PTLANGSP6",1,"Demographics"
"PTLANGRD6",1,"Demographics"
"PTLANGWR6",1,"Demographics"
"PTLANGUN6",1,"Demographics"
"PTLANGTTL",1,"Demographics"
"PTETHCATH",1,"Demographics"
"PTASIAN",1,"Demographics"
"PTOPI",1,"Demographics"
"PTBORN",1,"Demographics"
"PTBIRPL",1,"Demographics"
"PTIMMAGE",1,"Demographics"
"PTIMMWHY",1,"Demographics"
"PTBIRPR",1,"Demographics"
"PTBIRGR",1,"Demographics"
"ID",0,"Demographics"
"SITEID",0,"Demographics"
"USERDATE",0,"Demographics"
"USERDATE2",1,"Demographics"
"DD_CRF_VERSION_LABEL",1,"Demographics"
"LANGUAGE_CODE",1,"Demographics"
"HAS_QC_ERROR",1,"Demographics"
"update_stamp",0,"Demographics"
"ORIGPROT.apoe",1,"Other Metadata"
"COLPROT.apoe",1,"Other Metadata"
"PTID.apoe",1,"Other Metadata"
"VISCODE.apoe",1,"Other Metadata"
"GENOTYPE",1,"Genetics"
"APTESTDT",1,"Genetics"
"APVOLUME",1,"Genetics"
"APRECEIVE",1,"Genetics"
"APAMBTEMP",1,"Genetics"
"APRESAMP",1,"Genetics"
"APUSABLE",1,"Genetics"
"ID.apoe",1,"Other Metadata"
"SITEID.apoe",1,"Other Metadata"
"USERDATE.apoe",1,"Other Metadata"
"USERDATE2.apoe",1,"Other Metadata"
"update_stamp.apoe",1,"Other Metadata"
"ORIGPROT.adas",0,"Other Metadata"
"COLPROT.adas",0,"Other Metadata"
"PTID.adas",0,"Other Metadata"
"VISCODE.adas",0,"Other Metadata"
"VISCODE2.adas",0,"Other Metadata"
"VISDATE.adas",0,"Other Metadata"
"TOTSCORE",0,"Psychometric Battery"
"TOTAL13",0,"Psychometric Battery"
"ID.adas",0,"Other Metadata"
"SITEID.adas",0,"Other Metadata"
"USERDATE.adas",0,"Other Metadata"
"USERDATE2.adas",0.888888888888889,"Other Metadata"
"DD_CRF_VERSION_LABEL.adas",1,"Other Metadata"
"LANGUAGE_CODE.adas",1,"Other Metadata"
"HAS_QC_ERROR.adas",1,"Other Metadata"
"update_stamp.adas",0,"Other Metadata"
"ORIGPROT.mmse",1,"Other Metadata"
"COLPROT.mmse",1,"Other Metadata"
"PTID.mmse",1,"Other Metadata"
"VISCODE.mmse",1,"Other Metadata"
"VISCODE2.mmse",1,"Other Metadata"
"VISDATE.mmse",1,"Other Metadata"
"DONE",1,"Psychometric Battery"
"NDREASON",1,"Psychometric Battery"
"SOURCE",1,"Psychometric Battery"
"MMDATE",1,"Psychometric Battery"
"MMYEAR",1,"Psychometric Battery"
"MMMONTH",1,"Psychometric Battery"
"MMDAY",1,"Psychometric Battery"
"MMSEASON",1,"Psychometric Battery"
"MMHOSPIT",1,"Psychometric Battery"
"MMFLOOR",1,"Psychometric Battery"
"MMCITY",1,"Psychometric Battery"
"MMAREA",1,"Psychometric Battery"
"MMSTATE",1,"Psychometric Battery"
"WORDLIST",1,"Psychometric Battery"
"WORD1",1,"Psychometric Battery"
"WORD2",1,"Psychometric Battery"
"WORD3",1,"Psychometric Battery"
"MMTRIALS",1,"Psychometric Battery"
"MMD",1,"Psychometric Battery"
"MML",1,"Psychometric Battery"
"MMR",1,"Psychometric Battery"
"MMO",1,"Psychometric Battery"
"MMW",1,"Psychometric Battery"
"MMLTR1",1,"Psychometric Battery"
"MMLTR2",1,"Psychometric Battery"
"MMLTR3",1,"Psychometric Battery"
"MMLTR4",1,"Psychometric Battery"
"MMLTR5",1,"Psychometric Battery"
"MMLTR6",1,"Psychometric Battery"
"MMLTR7",1,"Psychometric Battery"
"WORLDSCORE",1,"Psychometric Battery"
"WORD1DL",1,"Psychometric Battery"
"WORD2DL",1,"Psychometric Battery"
"WORD3DL",1,"Psychometric Battery"
"MMWATCH",1,"Psychometric Battery"
"MMPENCIL",1,"Psychometric Battery"
"MMREPEAT",1,"Psychometric Battery"
"MMHAND",1,"Psychometric Battery"
"MMFOLD",1,"Psychometric Battery"
"MMONFLR",1,"Psychometric Battery"
"MMREAD",1,"Psychometric Battery"
"MMWRITE",1,"Psychometric Battery"
"MMDRAW",1,"Psychometric Battery"
"MMSCORE",1,"Psychometric Battery"
"ID.mmse",1,"Other Metadata"
"SITEID.mmse",1,"Other Metadata"
"USERDATE.mmse",1,"Other Metadata"
"USERDATE2.mmse",1,"Other Metadata"
"DD_CRF_VERSION_LABEL.mmse",1,"Other Metadata"
"LANGUAGE_CODE.mmse",1,"Other Metadata"
"HAS_QC_ERROR.mmse",1,"Other Metadata"
"update_stamp.mmse",1,"Other Metadata"
"ORIGPROT.neuro",0,"Other Metadata"
"COLPROT.neuro",0,"Other Metadata"
"PTID.neuro",0,"Other Metadata"
"VISCODE.neuro",0,"Other Metadata"
"VISCODE2.neuro",0,"Other Metadata"
"VISDATE.neuro",0,"Other Metadata"
"SOURCE.neuro",1,"Other Metadata"
"CLOCKCIRC",0,"Psychometric Battery"
"CLOCKSYM",0,"Psychometric Battery"
"CLOCKNUM",0,"Psychometric Battery"
"CLOCKHAND",0,"Psychometric Battery"
"CLOCKTIME",0,"Psychometric Battery"
"CLOCKSCOR",0,"Psychometric Battery"
"COPYCIRC",0,"Psychometric Battery"
"COPYSYM",0,"Psychometric Battery"
"COPYNUM",0,"Psychometric Battery"
"COPYHAND",0,"Psychometric Battery"
"COPYTIME",0,"Psychometric Battery"
"COPYSCOR",0,"Psychometric Battery"
"LMSTORY",1,"Psychometric Battery"
"LIMMTOTAL",1,"Psychometric Battery"
"LIMMEND",1,"Psychometric Battery"
"AVTOT1",0,"Psychometric Battery"
"AVERR1",0,"Psychometric Battery"
"AVTOT2",0,"Psychometric Battery"
"AVERR2",0,"Psychometric Battery"
"AVTOT3",0,"Psychometric Battery"
"AVERR3",0,"Psychometric Battery"
"AVTOT4",0,"Psychometric Battery"
"AVERR4",0,"Psychometric Battery"
"AVTOT5",0,"Psychometric Battery"
"AVERR5",0,"Psychometric Battery"
"AVTOT6",0,"Psychometric Battery"
"AVERR6",0,"Psychometric Battery"
"AVTOTB",0,"Psychometric Battery"
"AVERRB",0,"Psychometric Battery"
"AVENDED",1,"Psychometric Battery"
"DSPANFOR",0.222222222222222,"Psychometric Battery"
"DSPANFLTH",0.222222222222222,"Psychometric Battery"
"DSPANBAC",0.222222222222222,"Psychometric Battery"
"DSPANBLTH",0.222222222222222,"Psychometric Battery"
"CATANIMSC",0,"Psychometric Battery"
"CATANPERS",0,"Psychometric Battery"
"CATANINTR",0,"Psychometric Battery"
"CATVEGESC",0.222222222222222,"Psychometric Battery"
"CATVGPERS",0.222222222222222,"Psychometric Battery"
"CATVGINTR",0.222222222222222,"Psychometric Battery"
"TRAASCOR",0,"Psychometric Battery"
"TRAAERRCOM",0,"Psychometric Battery"
"TRAAERROM",0,"Psychometric Battery"
"TRABSCOR",0,"Psychometric Battery"
"TRABERRCOM",0,"Psychometric Battery"
"TRABERROM",0,"Psychometric Battery"
"DIGITSCOR",0.222222222222222,"Psychometric Battery"
"LDELBEGIN",1,"Psychometric Battery"
"LDELTOTAL",1,"Psychometric Battery"
"LDELCUE",1,"Psychometric Battery"
"BNTND",1,"Psychometric Battery"
"BNTSPONT",0,"Psychometric Battery"
"BNTSTIM",0,"Psychometric Battery"
"BNTCSTIM",0,"Psychometric Battery"
"BNTPHON",0,"Psychometric Battery"
"BNTCPHON",0,"Psychometric Battery"
"BNTTOTAL",0,"Psychometric Battery"
"AVDELBEGAN",0.888888888888889,"Psychometric Battery"
"AVDEL30MIN",0,"Psychometric Battery"
"AVDELERR1",0,"Psychometric Battery"
"AVDELTOT",0,"Psychometric Battery"
"AVDELERR2",0,"Psychometric Battery"
"ANARTERR",0.111111111111111,"Psychometric Battery"
"ANARTND",0.888888888888889,"Psychometric Battery"
"ANART",1,"Psychometric Battery"
"MINTSEMCUE",1,"Psychometric Battery"
"MINTTOTAL",1,"Psychometric Battery"
"MINTUNCUED",1,"Psychometric Battery"
"ID.neuro",0,"Other Metadata"
"SITEID.neuro",0,"Other Metadata"
"USERDATE.neuro",0,"Other Metadata"
"USERDATE2.neuro",0.777777777777778,"Other Metadata"
"DD_CRF_VERSION_LABEL.neuro",1,"Other Metadata"
"LANGUAGE_CODE.neuro",1,"Other Metadata"
"HAS_QC_ERROR.neuro",1,"Other Metadata"
"update_stamp.neuro",0,"Other Metadata"
"ORIGPROT.cdr",1,"Other Metadata"
"COLPROT.cdr",1,"Other Metadata"
"PTID.cdr",1,"Other Metadata"
"VISCODE.cdr",1,"Other Metadata"
"VISCODE2.cdr",1,"Other Metadata"
"VISDATE.cdr",1,"Other Metadata"
"CDSOURCE",1,"Functional Assessments"
"CDVERSION",1,"Functional Assessments"
"SPID",1,"Functional Assessments"
"CDMEMORY",1,"Functional Assessments"
"CDORIENT",1,"Functional Assessments"
"CDJUDGE",1,"Functional Assessments"
"CDCOMMUN",1,"Functional Assessments"
"CDHOME",1,"Functional Assessments"
"CDCARE",1,"Functional Assessments"
"CDGLOBAL",1,"Functional Assessments"
"CDRSB",1,"Functional Assessments"
"ID.cdr",1,"Other Metadata"
"SITEID.cdr",1,"Other Metadata"
"USERDATE.cdr",1,"Other Metadata"
"USERDATE2.cdr",1,"Other Metadata"
"DD_CRF_VERSION_LABEL.cdr",1,"Other Metadata"
"LANGUAGE_CODE.cdr",1,"Other Metadata"
"HAS_QC_ERROR.cdr",1,"Other Metadata"
"update_stamp.cdr",1,"Other Metadata"
"ORIGPROT.faq",0,"Other Metadata"
"COLPROT.faq",0,"Other Metadata"
"PTID.faq",0,"Other Metadata"
"VISCODE.faq",0,"Other Metadata"
"VISCODE2.faq",0,"Other Metadata"
"VISDATE.faq",0,"Other Metadata"
"SOURCE.faq",0,"Other Metadata"
"FAQFINAN",0,"Functional Assessments"
"FAQFORM",0,"Functional Assessments"
"FAQSHOP",0,"Functional Assessments"
"FAQGAME",0,"Functional Assessments"
"FAQBEVG",0,"Functional Assessments"
"FAQMEAL",0,"Functional Assessments"
"FAQEVENT",0,"Functional Assessments"
"FAQTV",0,"Functional Assessments"
"FAQREM",0,"Functional Assessments"
"FAQTRAVL",0,"Functional Assessments"
"FAQTOTAL",0,"Functional Assessments"
"SPID.faq",1,"Other Metadata"
"ID.faq",0,"Other Metadata"
"SITEID.faq",0,"Other Metadata"
"USERDATE.faq",0,"Other Metadata"
"USERDATE2.faq",1,"Other Metadata"
"DD_CRF_VERSION_LABEL.faq",1,"Other Metadata"
"LANGUAGE_CODE.faq",1,"Other Metadata"
"HAS_QC_ERROR.faq",1,"Other Metadata"
"update_stamp.faq",0,"Other Metadata"
"ORIGPROT.mri",1,"Other Metadata"
"COLPROT.mri",1,"Other Metadata"
"PTID.mri",1,"Other Metadata"
"VISCODE.mri",1,"Other Metadata"
"VISCODE2.mri",1,"Other Metadata"
"IMAGEUID",1,"Neuroimaging"
"FIELD_STRENGTH",1,"Neuroimaging"
"EXAMDATE",1,"Neuroimaging"
"RUNDATE",1,"Neuroimaging"
"STATUS",1,"Neuroimaging"
"FSVER",1,"Neuroimaging"
"OVERALLQC",1,"Neuroimaging"
"TEMPQC",1,"Neuroimaging"
"FRONTQC",1,"Neuroimaging"
"PARQC",1,"Neuroimaging"
"INSULAQC",1,"Neuroimaging"
"OCCQC",1,"Neuroimaging"
"BGQC",1,"Neuroimaging"
"CWMQC",1,"Neuroimaging"
"VENTQC",1,"Neuroimaging"
"HIPPOQC",1,"Neuroimaging"
"ST101SV",1,"Neuroimaging"
"ST102CV",1,"Neuroimaging"
"ST102SA",1,"Neuroimaging"
"ST102TA",1,"Neuroimaging"
"ST102TS",1,"Neuroimaging"
"ST103CV",1,"Neuroimaging"
"ST103SA",1,"Neuroimaging"
"ST103TA",1,"Neuroimaging"
"ST103TS",1,"Neuroimaging"
"ST104CV",1,"Neuroimaging"
"ST104SA",1,"Neuroimaging"
"ST104TA",1,"Neuroimaging"
"ST104TS",1,"Neuroimaging"
"ST105CV",1,"Neuroimaging"
"ST105SA",1,"Neuroimaging"
"ST105TA",1,"Neuroimaging"
"ST105TS",1,"Neuroimaging"
"ST106CV",1,"Neuroimaging"
"ST106SA",1,"Neuroimaging"
"ST106TA",1,"Neuroimaging"
"ST106TS",1,"Neuroimaging"
"ST107CV",1,"Neuroimaging"
"ST107SA",1,"Neuroimaging"
"ST107TA",1,"Neuroimaging"
"ST107TS",1,"Neuroimaging"
"ST108CV",1,"Neuroimaging"
"ST108SA",1,"Neuroimaging"
"ST108TA",1,"Neuroimaging"
"ST108TS",1,"Neuroimaging"
"ST109CV",1,"Neuroimaging"
"ST109SA",1,"Neuroimaging"
"ST109TA",1,"Neuroimaging"
"ST109TS",1,"Neuroimaging"
"ST10CV",1,"Neuroimaging"
"ST110CV",1,"Neuroimaging"
"ST110SA",1,"Neuroimaging"
"ST110TA",1,"Neuroimaging"
"ST110TS",1,"Neuroimaging"
"ST111CV",1,"Neuroimaging"
"ST111SA",1,"Neuroimaging"
"ST111TA",1,"Neuroimaging"
"ST111TS",1,"Neuroimaging"
"ST112SV",1,"Neuroimaging"
"ST113CV",1,"Neuroimaging"
"ST113SA",1,"Neuroimaging"
"ST113TA",1,"Neuroimaging"
"ST113TS",1,"Neuroimaging"
"ST114CV",1,"Neuroimaging"
"ST114SA",1,"Neuroimaging"
"ST114TA",1,"Neuroimaging"
"ST114TS",1,"Neuroimaging"
"ST115CV",1,"Neuroimaging"
"ST115SA",1,"Neuroimaging"
"ST115TA",1,"Neuroimaging"
"ST115TS",1,"Neuroimaging"
"ST116CV",1,"Neuroimaging"
"ST116SA",1,"Neuroimaging"
"ST116TA",1,"Neuroimaging"
"ST116TS",1,"Neuroimaging"
"ST117CV",1,"Neuroimaging"
"ST117SA",1,"Neuroimaging"
"ST117TA",1,"Neuroimaging"
"ST117TS",1,"Neuroimaging"
"ST118CV",1,"Neuroimaging"
"ST118SA",1,"Neuroimaging"
"ST118TA",1,"Neuroimaging"
"ST118TS",1,"Neuroimaging"
"ST119CV",1,"Neuroimaging"
"ST119SA",1,"Neuroimaging"
"ST119TA",1,"Neuroimaging"
"ST119TS",1,"Neuroimaging"
"ST11SV",1,"Neuroimaging"
"ST120SV",1,"Neuroimaging"
"ST121CV",1,"Neuroimaging"
"ST121SA",1,"Neuroimaging"
"ST121TA",1,"Neuroimaging"
"ST121TS",1,"Neuroimaging"
"ST124SV",1,"Neuroimaging"
"ST125SV",1,"Neuroimaging"
"ST127SV",1,"Neuroimaging"
"ST128SV",1,"Neuroimaging"
"ST129CV",1,"Neuroimaging"
"ST129SA",1,"Neuroimaging"
"ST129TA",1,"Neuroimaging"
"ST129TS",1,"Neuroimaging"
"ST12SV",1,"Neuroimaging"
"ST130CV",1,"Neuroimaging"
"ST130SA",1,"Neuroimaging"
"ST130TA",1,"Neuroimaging"
"ST130TS",1,"Neuroimaging"
"ST13CV",1,"Neuroimaging"
"ST13SA",1,"Neuroimaging"
"ST13TA",1,"Neuroimaging"
"ST13TS",1,"Neuroimaging"
"ST14CV",1,"Neuroimaging"
"ST14SA",1,"Neuroimaging"
"ST14TA",1,"Neuroimaging"
"ST14TS",1,"Neuroimaging"
"ST15CV",1,"Neuroimaging"
"ST15SA",1,"Neuroimaging"
"ST15TA",1,"Neuroimaging"
"ST15TS",1,"Neuroimaging"
"ST16SV",1,"Neuroimaging"
"ST17SV",1,"Neuroimaging"
"ST18SV",1,"Neuroimaging"
"ST1SV",1,"Neuroimaging"
"ST21SV",1,"Neuroimaging"
"ST23CV",1,"Neuroimaging"
"ST23SA",1,"Neuroimaging"
"ST23TA",1,"Neuroimaging"
"ST23TS",1,"Neuroimaging"
"ST24CV",1,"Neuroimaging"
"ST24SA",1,"Neuroimaging"
"ST24TA",1,"Neuroimaging"
"ST24TS",1,"Neuroimaging"
"ST25CV",1,"Neuroimaging"
"ST25SA",1,"Neuroimaging"
"ST25TA",1,"Neuroimaging"
"ST25TS",1,"Neuroimaging"
"ST26CV",1,"Neuroimaging"
"ST26SA",1,"Neuroimaging"
"ST26TA",1,"Neuroimaging"
"ST26TS",1,"Neuroimaging"
"ST28SA",1,"Neuroimaging"
"ST29SV",1,"Neuroimaging"
"ST2SV",1,"Neuroimaging"
"ST30SV",1,"Neuroimaging"
"ST31CV",1,"Neuroimaging"
"ST31SA",1,"Neuroimaging"
"ST31TA",1,"Neuroimaging"
"ST31TS",1,"Neuroimaging"
"ST32CV",1,"Neuroimaging"
"ST32SA",1,"Neuroimaging"
"ST32TA",1,"Neuroimaging"
"ST32TS",1,"Neuroimaging"
"ST34CV",1,"Neuroimaging"
"ST34SA",1,"Neuroimaging"
"ST34TA",1,"Neuroimaging"
"ST34TS",1,"Neuroimaging"
"ST35CV",1,"Neuroimaging"
"ST35SA",1,"Neuroimaging"
"ST35TA",1,"Neuroimaging"
"ST35TS",1,"Neuroimaging"
"ST36CV",1,"Neuroimaging"
"ST36SA",1,"Neuroimaging"
"ST36TA",1,"Neuroimaging"
"ST36TS",1,"Neuroimaging"
"ST37SV",1,"Neuroimaging"
"ST38CV",1,"Neuroimaging"
"ST38SA",1,"Neuroimaging"
"ST38TA",1,"Neuroimaging"
"ST38TS",1,"Neuroimaging"
"ST39CV",1,"Neuroimaging"
"ST39SA",1,"Neuroimaging"
"ST39TA",1,"Neuroimaging"
"ST39TS",1,"Neuroimaging"
"ST3SV",1,"Neuroimaging"
"ST40CV",1,"Neuroimaging"
"ST40SA",1,"Neuroimaging"
"ST40TA",1,"Neuroimaging"
"ST40TS",1,"Neuroimaging"
"ST42SV",1,"Neuroimaging"
"ST43CV",1,"Neuroimaging"
"ST43SA",1,"Neuroimaging"
"ST43TA",1,"Neuroimaging"
"ST43TS",1,"Neuroimaging"
"ST44CV",1,"Neuroimaging"
"ST44SA",1,"Neuroimaging"
"ST44TA",1,"Neuroimaging"
"ST44TS",1,"Neuroimaging"
"ST45CV",1,"Neuroimaging"
"ST45SA",1,"Neuroimaging"
"ST45TA",1,"Neuroimaging"
"ST45TS",1,"Neuroimaging"
"ST46CV",1,"Neuroimaging"
"ST46SA",1,"Neuroimaging"
"ST46TA",1,"Neuroimaging"
"ST46TS",1,"Neuroimaging"
"ST47CV",1,"Neuroimaging"
"ST47SA",1,"Neuroimaging"
"ST47TA",1,"Neuroimaging"
"ST47TS",1,"Neuroimaging"
"ST48CV",1,"Neuroimaging"
"ST48SA",1,"Neuroimaging"
"ST48TA",1,"Neuroimaging"
"ST48TS",1,"Neuroimaging"
"ST49CV",1,"Neuroimaging"
"ST49SA",1,"Neuroimaging"
"ST49TA",1,"Neuroimaging"
"ST49TS",1,"Neuroimaging"
"ST4SV",1,"Neuroimaging"
"ST50CV",1,"Neuroimaging"
"ST50SA",1,"Neuroimaging"
"ST50TA",1,"Neuroimaging"
"ST50TS",1,"Neuroimaging"
"ST51CV",1,"Neuroimaging"
"ST51SA",1,"Neuroimaging"
"ST51TA",1,"Neuroimaging"
"ST51TS",1,"Neuroimaging"
"ST52CV",1,"Neuroimaging"
"ST52SA",1,"Neuroimaging"
"ST52TA",1,"Neuroimaging"
"ST52TS",1,"Neuroimaging"
"ST53SV",1,"Neuroimaging"
"ST54CV",1,"Neuroimaging"
"ST54SA",1,"Neuroimaging"
"ST54TA",1,"Neuroimaging"
"ST54TS",1,"Neuroimaging"
"ST55CV",1,"Neuroimaging"
"ST55SA",1,"Neuroimaging"
"ST55TA",1,"Neuroimaging"
"ST55TS",1,"Neuroimaging"
"ST56CV",1,"Neuroimaging"
"ST56SA",1,"Neuroimaging"
"ST56TA",1,"Neuroimaging"
"ST56TS",1,"Neuroimaging"
"ST57CV",1,"Neuroimaging"
"ST57SA",1,"Neuroimaging"
"ST57TA",1,"Neuroimaging"
"ST57TS",1,"Neuroimaging"
"ST58CV",1,"Neuroimaging"
"ST58SA",1,"Neuroimaging"
"ST58TA",1,"Neuroimaging"
"ST58TS",1,"Neuroimaging"
"ST59CV",1,"Neuroimaging"
"ST59SA",1,"Neuroimaging"
"ST59TA",1,"Neuroimaging"
"ST59TS",1,"Neuroimaging"
"ST5SV",1,"Neuroimaging"
"ST60CV",1,"Neuroimaging"
"ST60SA",1,"Neuroimaging"
"ST60TA",1,"Neuroimaging"
"ST60TS",1,"Neuroimaging"
"ST61SV",1,"Neuroimaging"
"ST62CV",1,"Neuroimaging"
"ST62SA",1,"Neuroimaging"
"ST62TA",1,"Neuroimaging"
"ST62TS",1,"Neuroimaging"
"ST65SV",1,"Neuroimaging"
"ST66SV",1,"Neuroimaging"
"ST68SV",1,"Neuroimaging"
"ST69SV",1,"Neuroimaging"
"ST6SV",1,"Neuroimaging"
"ST70SV",1,"Neuroimaging"
"ST71SV",1,"Neuroimaging"
"ST72CV",1,"Neuroimaging"
"ST72SA",1,"Neuroimaging"
"ST72TA",1,"Neuroimaging"
"ST72TS",1,"Neuroimaging"
"ST73CV",1,"Neuroimaging"
"ST73SA",1,"Neuroimaging"
"ST73TA",1,"Neuroimaging"
"ST73TS",1,"Neuroimaging"
"ST74CV",1,"Neuroimaging"
"ST74SA",1,"Neuroimaging"
"ST74TA",1,"Neuroimaging"
"ST74TS",1,"Neuroimaging"
"ST75SV",1,"Neuroimaging"
"ST76SV",1,"Neuroimaging"
"ST77SV",1,"Neuroimaging"
"ST7SV",1,"Neuroimaging"
"ST80SV",1,"Neuroimaging"
"ST82CV",1,"Neuroimaging"
"ST82SA",1,"Neuroimaging"
"ST82TA",1,"Neuroimaging"
"ST82TS",1,"Neuroimaging"
"ST83CV",1,"Neuroimaging"
"ST83SA",1,"Neuroimaging"
"ST83TA",1,"Neuroimaging"
"ST83TS",1,"Neuroimaging"
"ST84CV",1,"Neuroimaging"
"ST84SA",1,"Neuroimaging"
"ST84TA",1,"Neuroimaging"
"ST84TS",1,"Neuroimaging"
"ST85CV",1,"Neuroimaging"
"ST85SA",1,"Neuroimaging"
"ST85TA",1,"Neuroimaging"
"ST85TS",1,"Neuroimaging"
"ST87sa",1,"Neuroimaging"
"ST88SV",1,"Neuroimaging"
"ST89SV",1,"Neuroimaging"
"ST8SV",1,"Neuroimaging"
"ST90CV",1,"Neuroimaging"
"ST90SA",1,"Neuroimaging"
"ST90TA",1,"Neuroimaging"
"ST90TS",1,"Neuroimaging"
"ST91CV",1,"Neuroimaging"
"ST91SA",1,"Neuroimaging"
"ST91TA",1,"Neuroimaging"
"ST91TS",1,"Neuroimaging"
"ST93CV",1,"Neuroimaging"
"ST93SA",1,"Neuroimaging"
"ST93TA",1,"Neuroimaging"
"ST93TS",1,"Neuroimaging"
"ST94CV",1,"Neuroimaging"
"ST94SA",1,"Neuroimaging"
"ST94TA",1,"Neuroimaging"
"ST94TS",1,"Neuroimaging"
"ST95CV",1,"Neuroimaging"
"ST95SA",1,"Neuroimaging"
"ST95TA",1,"Neuroimaging"
"ST95TS",1,"Neuroimaging"
"ST96SV",1,"Neuroimaging"
"ST97CV",1,"Neuroimaging"
"ST97SA",1,"Neuroimaging"
"ST97TA",1,"Neuroimaging"
"ST97TS",1,"Neuroimaging"
"ST98CV",1,"Neuroimaging"
"ST98SA",1,"Neuroimaging"
"ST98TA",1,"Neuroimaging"
"ST98TS",1,"Neuroimaging"
"ST99CV",1,"Neuroimaging"
"ST99SA",1,"Neuroimaging"
"ST99TA",1,"Neuroimaging"
"ST99TS",1,"Neuroimaging"
"ST9SV",1,"Neuroimaging"
"ST147SV",1,"Neuroimaging"
"ST148SV",1,"Neuroimaging"
"ST149SV",1,"Neuroimaging"
"ST150SV",1,"Neuroimaging"
"ST151SV",1,"Neuroimaging"
"ST152SV",1,"Neuroimaging"
"ST153SV",1,"Neuroimaging"
"ST154SV",1,"Neuroimaging"
"ST155SV",1,"Neuroimaging"
"update_stamp.mri",1,"Other Metadata"
"ORIGPROT.biomk",0.444444444444444,"Other Metadata"
"VISCODE.biomk",0.444444444444444,"Other Metadata"
"BATCH",0.444444444444444,"Fluid Biomarkers"
"KIT",0.444444444444444,"Fluid Biomarkers"
"STDS",0.444444444444444,"Fluid Biomarkers"
"DRAWDTE",0.444444444444444,"Fluid Biomarkers"
"RUNDATE.biomk",0.444444444444444,"Other Metadata"
"ABETA",0.444444444444444,"Fluid Biomarkers"
"TAU",0.444444444444444,"Fluid Biomarkers"
"PTAU",0.444444444444444,"Fluid Biomarkers"
"ABETA_RAW",0.444444444444444,"Fluid Biomarkers"
"TAU_RAW",0.444444444444444,"Fluid Biomarkers"
"PTAU_RAW",0.444444444444444,"Fluid Biomarkers"
"update_stamp.biomk",0.444444444444444,"Other Metadata"
